head,records,group_by,groups,folds,seeds,target_semantics,label_classes,sources,metrics_json
g4_fold,6744,sequence,1619,5,5,biophysical,"[""biophysical"", ""catalog""]","[""g4sp_topology"", ""g4stab_experimental_tm"", ""shuffled::g4sp_topology"", ""shuffled::g4stab_experimental_tm""]","{""auroc"": 0.9701901888273958, ""auprc"": 0.9706190086646269, ""brier_uncalibrated"": 0.06906744285185676, ""ece_uncalibrated"": 0.020550326985585624, ""calibration_method"": ""platt"", ""ece_isotonic"": 0.004137041876253732, ""ece_platt"": 0.008075821404432828, ""n_distinct_calibrated_values"": 2959, ""brier"": 0.06784587816580487, ""ece"": 0.008075821404432828, ""mce"": 0.026834819493397832, ""accuracy_at_0.5"": 0.9045077105575327, ""reliability"": {""confidence"": [0.0029596087951287062, 0.009602966946567568, 0.027991091533521688, 0.09245420660925915, 0.32757343392770616, 0.672235412965208, 0.9027712522120207, 0.9750784853419635, 0.9916270591565026, 0.9973708541814641], ""accuracy"": [0.0, 0.002967359050445104, 0.03115727002967359, 0.10518518518518519, 0.33827893175074186, 0.6454005934718101, 0.914074074074074, 0.973293768545994, 0.9896142433234422, 1.0], ""count"": [675, 674, 674, 675, 674, 674, 675, 674, 674, 675]}, ""positive_rate"": 0.5, ""calibration_note"": ""calibrated metrics are cross-fitted across sequence groups"", ""calibration_scope"": ""ECE and Brier are measured on the constructed, approximately balanced positive-versus-matched-shuffle task this head was trained on. The negatives are generated, not measured non-folders, so these are not absolute probabilities for an arbitrary genomic, transcriptomic or aptamer population. Recalibrate against the prevalence of your own candidate set before treating a number as a probability.""}"
g4_topology,1005,sequence,617,5,5,biophysical,"[""biophysical""]","[""g4sp_topology""]","{""balanced_accuracy"": 0.7238345373127864, ""accuracy"": 0.7522388059701492, ""auroc_ovr_macro"": 0.9048679527696867, ""brier_uncalibrated"": 0.33802205527709006, ""ece_uncalibrated"": 0.07221034029823038, ""temperature"": 1.3457478771154054, ""brier"": 0.32784474673071606, ""ece"": 0.03587319431330903, ""reliability"": {""confidence"": [0.45904413220251683, 0.5461590004568619, 0.619395954843809, 0.6962883114520467, 0.7784073422143305, 0.8451655546637233, 0.8985826596810991, 0.9315641178084508, 0.9557227661532725, 0.9786459459755749], ""accuracy"": [0.43564356435643564, 0.5, 0.5643564356435643, 0.65, 0.6831683168316832, 0.85, 0.93, 0.9702970297029703, 0.95, 0.9900990099009901], ""count"": [101, 100, 101, 100, 101, 100, 100, 101, 100, 101]}, ""per_class"": {""parallel"": {""n"": 487, ""recall"": 0.864476386036961}, ""antiparallel"": {""n"": 216, ""recall"": 0.6944444444444444}, ""hybrid"": {""n"": 302, ""recall"": 0.6125827814569537}}, ""calibration_note"": ""calibrated metrics are cross-fitted across sequence groups"", ""calibration_scope"": ""ECE is measured over the three topology classes on sequences already known to form a G4, in K+ buffer. It says nothing about whether a sequence folds, and nothing about topology in Na+.""}"
g4_tm,2274,sequence,400,5,5,biophysical,"[""biophysical""]","[""g4stab_experimental_tm""]","{""r2"": 0.6700589834856598, ""rmse"": 7.7564071253868825, ""mae"": 5.579288732809505, ""spearman"": 0.8163358638761452, ""oof_residual_halfwidth"": 12.361515045166016, ""oof_residual_alpha"": 0.1, ""in_sample_coverage_of_residual_pool"": 0.9001759014951627, ""split_conformal_coverage"": 0.8887951095753515, ""split_conformal_coverage_sd"": 0.026688967392108, ""split_conformal_halfwidth_mean"": 12.207139984130858, ""split_conformal_n_splits"": 20, ""split_conformal_note"": ""half the groups calibrate the half-width, the other half measure coverage; mean over 20 random group partitions at nominal 90%"", ""interval_note"": ""interval half-width = oof_residual_halfwidth; coverage to quote = split_conformal_coverage (held-out groups), not in_sample_coverage_of_residual_pool"", ""target_range"": [7.7, 94.0], ""calibration_scope"": ""Regression heads carry an OOF-residual interval, not a conformal guarantee: the half-width and its reported coverage come from the same pool of out-of-fold residuals, so the coverage figure is in-sample to that pool. Treat the width as a typical error scale.""}"
g4_tm_distilled,90000,sequence,3552,5,3,predicted,"[""biophysical""]","[""g4stab_webdb_predicted""]","{""r2"": 0.9631506722490957, ""rmse"": 1.9067025378416678, ""mae"": 1.4765320090611775, ""spearman"": 0.9785367398600405, ""oof_residual_halfwidth"": 3.0373191833496094, ""oof_residual_alpha"": 0.1, ""in_sample_coverage_of_residual_pool"": 0.9000111111111111, ""split_conformal_coverage"": 0.8961118222343449, ""split_conformal_coverage_sd"": 0.01512553543979076, ""split_conformal_halfwidth_mean"": 3.029021759033204, ""split_conformal_n_splits"": 20, ""split_conformal_note"": ""half the groups calibrate the half-width, the other half measure coverage; mean over 20 random group partitions at nominal 90%"", ""interval_note"": ""interval half-width = oof_residual_halfwidth; coverage to quote = split_conformal_coverage (held-out groups), not in_sample_coverage_of_residual_pool"", ""target_range"": [28.5, 89.1], ""calibration_scope"": ""Regression heads carry an OOF-residual interval, not a conformal guarantee: the half-width and its reported coverage come from the same pool of out-of-fold residuals, so the coverage figure is in-sample to that pool. Treat the width as a typical error scale.""}"
im_fold,320,sequence,175,5,5,biophysical,"[""biophysical"", ""catalog""]","[""im_pht_biophysical"", ""shuffled::im_pht_biophysical""]","{""auroc"": 0.8704296874999998, ""auprc"": 0.8838150075413367, ""brier_uncalibrated"": 0.15321962330867572, ""ece_uncalibrated"": 0.0896309376868885, ""calibration_method"": ""platt"", ""ece_isotonic"": 0.0782731065761882, ""ece_platt"": 0.05524021333043322, ""n_distinct_calibrated_values"": 293, ""brier"": 0.14832809236733616, ""ece"": 0.05524021333043322, ""mce"": 0.12672396213581605, ""accuracy_at_0.5"": 0.7875, ""reliability"": {""confidence"": [0.04647772341756462, 0.09986555027139085, 0.17686852052644292, 0.29011583044054456, 0.4200416615967406, 0.5614410345406691, 0.720473962135816, 0.8248474000696289, 0.9056554845331379, 0.948504888363771], ""accuracy"": [0.09375, 0.09375, 0.15625, 0.40625, 0.3125, 0.59375, 0.59375, 0.8125, 0.9375, 1.0], ""count"": [32, 32, 32, 32, 32, 32, 32, 32, 32, 32]}, ""positive_rate"": 0.5, ""calibration_note"": ""calibrated metrics are cross-fitted across sequence groups"", ""calibration_scope"": ""ECE and Brier are measured on the constructed, approximately balanced positive-versus-matched-shuffle task this head was trained on. The negatives are generated, not measured non-folders, so these are not absolute probabilities for an arbitrary genomic, transcriptomic or aptamer population. Recalibrate against the prevalence of your own candidate set before treating a number as a probability.""}"
im_pht,160,sequence,85,5,5,biophysical,"[""biophysical""]","[""im_pht_biophysical""]","{""r2"": 0.5915665061450279, ""rmse"": 0.3494439080174955, ""mae"": 0.25486612737178804, ""spearman"": 0.787842313426595, ""oof_residual_halfwidth"": 0.6317110061645508, ""oof_residual_alpha"": 0.1, ""in_sample_coverage_of_residual_pool"": 0.9125, ""split_conformal_coverage"": 0.9002130237501564, ""split_conformal_coverage_sd"": 0.05987825828267437, ""split_conformal_halfwidth_mean"": 0.6139051628112793, ""split_conformal_n_splits"": 20, ""split_conformal_note"": ""half the groups calibrate the half-width, the other half measure coverage; mean over 20 random group partitions at nominal 90%"", ""interval_note"": ""interval half-width = oof_residual_halfwidth; coverage to quote = split_conformal_coverage (held-out groups), not in_sample_coverage_of_residual_pool"", ""target_range"": [5.1, 7.9], ""calibration_scope"": ""Regression heads carry an OOF-residual interval, not a conformal guarantee: the half-width and its reported coverage come from the same pool of out-of-fold residuals, so the coverage figure is in-sample to that pool. Treat the width as a typical error scale.""}"
im_pht_condition,558,condition,10,5,5,biophysical,"[""biophysical""]","[""duvma_im_stability_landscape""]","{""r2"": 0.8345546834800903, ""rmse"": 0.18905261347485044, ""mae"": 0.13982849982477003, ""spearman"": 0.8752572669536914, ""oof_residual_halfwidth"": 0.29415418624877887, ""oof_residual_alpha"": 0.1, ""in_sample_coverage_of_residual_pool"": 0.9014336917562724, ""split_conformal_coverage"": 0.880494374958045, ""split_conformal_coverage_sd"": 0.07157546679808792, ""split_conformal_halfwidth_mean"": 0.2958197174072265, ""split_conformal_n_splits"": 20, ""split_conformal_note"": ""half the groups calibrate the half-width, the other half measure coverage; mean over 20 random group partitions at nominal 90%"", ""interval_note"": ""interval half-width = oof_residual_halfwidth; coverage to quote = split_conformal_coverage (held-out groups), not in_sample_coverage_of_residual_pool"", ""target_range"": [5.13, 7.0], ""calibration_scope"": ""Regression heads carry an OOF-residual interval, not a conformal guarantee: the half-width and its reported coverage come from the same pool of out-of-fold residuals, so the coverage figure is in-sample to that pool. Treat the width as a typical error scale.""}"
im_tm_condition,379,condition,10,5,5,biophysical,"[""biophysical""]","[""duvma_im_stability_landscape""]","{""r2"": 0.8531538765417034, ""rmse"": 6.458634837633418, ""mae"": 4.776799930381272, ""spearman"": 0.9264658352406328, ""oof_residual_halfwidth"": 11.180231170654295, ""oof_residual_alpha"": 0.1, ""in_sample_coverage_of_residual_pool"": 0.9023746701846965, ""split_conformal_coverage"": 0.9043043951728252, ""split_conformal_coverage_sd"": 0.04289727453470009, ""split_conformal_halfwidth_mean"": 11.392365058898926, ""split_conformal_n_splits"": 20, ""split_conformal_note"": ""half the groups calibrate the half-width, the other half measure coverage; mean over 20 random group partitions at nominal 90%"", ""interval_note"": ""interval half-width = oof_residual_halfwidth; coverage to quote = split_conformal_coverage (held-out groups), not in_sample_coverage_of_residual_pool"", ""target_range"": [8.05, 80.37], ""calibration_scope"": ""Regression heads carry an OOF-residual interval, not a conformal guarantee: the half-width and its reported coverage come from the same pool of out-of-fold residuals, so the coverage figure is in-sample to that pool. Treat the width as a typical error scale.""}"
im_fold_genomic,16207,sequence,3907,5,5,genomic_proxy,"[""catalog"", ""genomic_proxy""]","[""gse220882_hek293t_im_cutandtag"", ""shuffled::gse220882_hek293t_im_cutandtag""]","{""auroc"": 0.7789806779099697, ""auprc"": 0.7903197702092515, ""brier_uncalibrated"": 0.19140602442221702, ""ece_uncalibrated"": 0.023003698081160134, ""calibration_method"": ""platt"", ""ece_isotonic"": 0.005556679489452704, ""ece_platt"": 0.006835794297730338, ""n_distinct_calibrated_values"": 7476, ""brier"": 0.1908482612007066, ""ece"": 0.006835794297730338, ""mce"": 0.018309717299423656, ""accuracy_at_0.5"": 0.7035848707348676, ""reliability"": {""confidence"": [0.09690198555563032, 0.2283794157117488, 0.33802025900521243, 0.4284266287074031, 0.504075145821945, 0.5771103229535514, 0.6473451876236961, 0.7189270012500409, 0.7970469576800072, 0.897510067879713], ""accuracy"": [0.09870450339296731, 0.243059839605182, 0.3395061728395062, 0.42751388032078963, 0.4959901295496607, 0.5753086419753086, 0.6465144972239358, 0.7006172839506173, 0.7927205428747687, 0.9136335595311537], ""count"": [1621, 1621, 1620, 1621, 1621, 1620, 1621, 1620, 1621, 1621]}, ""positive_rate"": 0.5233541062503856, ""calibration_note"": ""calibrated metrics are cross-fitted across sequence groups"", ""calibration_scope"": ""ECE and Brier are measured on the constructed, approximately balanced positive-versus-matched-shuffle task this head was trained on. The negatives are generated, not measured non-folders, so these are not absolute probabilities for an arbitrary genomic, transcriptomic or aptamer population. Recalibrate against the prevalence of your own candidate set before treating a number as a probability.""}"
g4_fold_genomic,11841,sequence,2929,5,5,genomic_proxy,"[""catalog"", ""genomic_proxy""]","[""gse220882_hek293t_g4_cutandtag"", ""shuffled::gse220882_hek293t_g4_cutandtag""]","{""auroc"": 0.7645305501823564, ""auprc"": 0.7972703234006233, ""brier_uncalibrated"": 0.19163715820047061, ""ece_uncalibrated"": 0.03826803122091427, ""calibration_method"": ""isotonic"", ""ece_isotonic"": 0.008255371042776504, ""ece_platt"": 0.021369224020754383, ""n_distinct_calibrated_values"": 257, ""brier"": 0.19032557865914607, ""ece"": 0.008255371042776504, ""mce"": 0.014027548564128245, ""accuracy_at_0.5"": 0.7061903555442952, ""reliability"": {""confidence"": [0.08112173563447969, 0.25475340624313186, 0.4689469425982132, 0.5585316802245776, 0.5971298724485355, 0.6166464843137504, 0.6708279431669092, 0.744796779333359, 0.7939356441602885, 0.9218879832313092], ""accuracy"": [0.08666666666666667, 0.2606516290726817, 0.48006644518272423, 0.5713159968479118, 0.5908761766835626, 0.6069114470842333, 0.6741479634247715, 0.7307692307692307, 0.796718322698268, 0.9110091743119266], ""count"": [1200, 1197, 1204, 1269, 1381, 926, 1203, 1274, 1097, 1090]}, ""positive_rate"": 0.5663373025926864, ""calibration_note"": ""calibrated metrics are cross-fitted across sequence groups"", ""calibration_scope"": ""ECE and Brier are measured on the constructed, approximately balanced positive-versus-matched-shuffle task this head was trained on. The negatives are generated, not measured non-folders, so these are not absolute probabilities for an arbitrary genomic, transcriptomic or aptamer population. Recalibrate against the prevalence of your own candidate set before treating a number as a probability.""}"
im_architecture,16000,sequence,3849,5,3,derived,"[""catalog""]","[""im_architecture_negatives"", ""im_architecture_positives""]","{""auroc"": 0.9966078880491571, ""auprc"": 0.9972920081585112, ""brier_uncalibrated"": 0.013121124587354881, ""ece_uncalibrated"": 0.007679089951485591, ""calibration_method"": ""platt"", ""ece_isotonic"": 0.005224470823338512, ""ece_platt"": 0.006687820450115305, ""n_distinct_calibrated_values"": 1505, ""brier"": 0.013027352402325096, ""ece"": 0.006687820450115305, ""mce"": 0.027001530923803127, ""accuracy_at_0.5"": 0.9844375, ""reliability"": {""confidence"": [0.0015475397615119125, 0.0031314132768432905, 0.005498469076196875, 0.012177555820529748, 0.06072087906595998, 0.9312730727560541, 0.9969559149534402, 0.9980278369105062, 0.9985962612256413, 0.9991451139164078], ""accuracy"": [0.0, 0.0025, 0.0325, 0.00875, 0.04625, 0.91875, 1.0, 1.0, 1.0, 1.0], ""count"": [1600, 1600, 1600, 1600, 1600, 1600, 1602, 1598, 1600, 1600]}, ""positive_rate"": 0.500875, ""calibration_note"": ""calibrated metrics are cross-fitted across sequence groups"", ""calibration_scope"": ""ECE and Brier are measured on the constructed, approximately balanced positive-versus-matched-shuffle task this head was trained on. The negatives are generated, not measured non-folders, so these are not absolute probabilities for an arbitrary genomic, transcriptomic or aptamer population. Recalibrate against the prevalence of your own candidate set before treating a number as a probability.""}"
locus_peak_overlap_state,70628,sequence,3940,5,5,genomic_proxy,"[""catalog"", ""genomic_proxy""]","[""gse220882_hek293t_locus_state"", ""shuffled::gse220882_hek293t_locus_state""]","{""balanced_accuracy"": 0.45035592771429633, ""accuracy"": 0.6143455853202696, ""auroc_ovr_macro"": 0.800048554902052, ""brier_uncalibrated"": 0.5007924640220067, ""ece_uncalibrated"": 0.01622351984809746, ""temperature"": 0.9369423542506078, ""brier"": 0.5004025621747314, ""ece"": 0.010126140874070206, ""reliability"": {""confidence"": [0.3525297931190548, 0.40527687264829093, 0.44833235187596654, 0.4941951054626685, 0.5482845859107549, 0.6148253302057357, 0.6960070327656452, 0.7831615815007273, 0.8706228116103385, 0.9518534818539682], ""accuracy"": [0.342347444428713, 0.39331728727169757, 0.4454197932889707, 0.4872557349192863, 0.5254141299730992, 0.6082401245929492, 0.700792976493911, 0.7948463825569871, 0.8847515220161405, 0.9610647033838312], ""count"": [7063, 7063, 7063, 7062, 7063, 7063, 7062, 7063, 7063, 7063]}, ""per_class"": {""both"": {""n"": 13156, ""recall"": 0.3920644572818486}, ""g4_only"": {""n"": 15088, ""recall"": 0.35319459172852596}, ""im_only"": {""n"": 7070, ""recall"": 0.15558698727015557}, ""neither"": {""n"": 35314, ""recall"": 0.9005776745766552}}, ""calibration_note"": ""calibrated metrics are cross-fitted across sequence groups"", ""calibration_scope"": ""ECE is measured over the three topology classes on sequences already known to form a G4, in K+ buffer. It says nothing about whether a sequence folds, and nothing about topology in Na+.""}"
