source,kind,evidence_tier,label_class,n,n_folded,n_topology,n_tm,n_pht,n_unique_seq,n_conditions
g4stab_webdb_predicted,G4,predicted,biophysical,254761,0,0,254761,0,40000,5
gse220882_hek293t_locus_state,locus,experimental,genomic_proxy,35314,0,35314,0,0,35312,1
shuffled::gse220882_hek293t_locus_state,locus,derived,catalog,35314,0,35314,0,0,35314,1
complementary_strand_im_candidates,iM,derived,catalog,12000,0,0,0,0,11715,1
im_architecture_negatives,iM,derived,catalog,12000,12000,0,0,0,11991,1
im_architecture_positives,iM,derived,catalog,12000,12000,0,0,0,11715,1
gse220882_hek293t_im_cutandtag,iM,experimental,genomic_proxy,8482,8482,0,0,0,8123,1
shuffled::gse220882_hek293t_im_cutandtag,iM,derived,catalog,7725,7725,0,0,0,7724,1
gse220882_hek293t_g4_cutandtag,G4,experimental,genomic_proxy,6706,6706,0,0,0,6340,1
shuffled::gse220882_hek293t_g4_cutandtag,G4,derived,catalog,5135,5135,0,0,0,5121,1
g4stab_experimental_tm,G4,experimental,biophysical,2367,2367,0,2274,0,1062,261
shuffled::g4stab_experimental_tm,G4,derived,catalog,2367,2367,0,0,0,2346,261
g4sp_topology,G4,experimental,biophysical,1005,1005,1005,0,0,1005,1
shuffled::g4sp_topology,G4,derived,catalog,1005,1005,0,0,0,1005,1
duvma_im_stability_landscape,iM,experimental,biophysical,937,937,0,379,558,2,192
shuffled::duvma_im_stability_landscape,iM,derived,catalog,937,937,0,0,0,912,192
im_pht_biophysical,iM,experimental,biophysical,160,160,0,0,160,147,1
shuffled::im_pht_biophysical,iM,derived,catalog,160,160,0,0,0,160,1
