source,evidence_tier,kind,label_class,n,n_conditions,n_folded,n_pht,n_tm,n_topology,n_unique_seq
g4stab_webdb_predicted,predicted,G4,biophysical,254761,5,0,0,254761,0,40000
gse220882_hek293t_locus_state,experimental,locus,genomic_proxy,35314,1,0,0,0,35314,35312
shuffled::gse220882_hek293t_locus_state,derived,locus,catalog,35314,1,0,0,0,35314,35314
complementary_strand_im_candidates,derived,iM,catalog,12000,1,0,0,0,0,11715
im_architecture_negatives,derived,iM,catalog,12000,1,12000,0,0,0,11991
im_architecture_positives,derived,iM,catalog,12000,1,12000,0,0,0,11715
gse220882_hek293t_im_cutandtag,experimental,iM,genomic_proxy,8482,1,8482,0,0,0,8123
shuffled::gse220882_hek293t_im_cutandtag,derived,iM,catalog,7725,1,7725,0,0,0,7724
gse220882_hek293t_g4_cutandtag,experimental,G4,genomic_proxy,6706,1,6706,0,0,0,6340
shuffled::gse220882_hek293t_g4_cutandtag,derived,G4,catalog,5135,1,5135,0,0,0,5121
g4stab_experimental_tm,experimental,G4,biophysical,2367,261,2367,0,2274,0,1062
shuffled::g4stab_experimental_tm,derived,G4,catalog,2367,261,2367,0,0,0,2346
g4sp_topology,experimental,G4,biophysical,1005,1,1005,0,0,1005,1005
shuffled::g4sp_topology,derived,G4,catalog,1005,1,1005,0,0,0,1005
duvma_im_stability_landscape,experimental,iM,biophysical,937,192,937,558,379,0,2
shuffled::duvma_im_stability_landscape,derived,iM,catalog,937,192,937,0,0,0,912
im_pht_biophysical,experimental,iM,biophysical,160,1,160,160,0,0,147
shuffled::im_pht_biophysical,derived,iM,catalog,160,1,160,0,0,0,160
